first_name,last_name,email,password
Julio César,Quezada Cano,julio.quezada@hotmail.com,julio123
Florencia,Gallegos Munguía,florencia.gallegos@hotmail.com,florencia123
Tadeo,Becerra Roybal,tadeo.becerra@test.com,tadeo123
Luz,Ortiz de Espinosa,luz.ortiz@email.com,luz123
Octavio,González de Ruelas,octavio.olmos@test.com,octavio123
